<colors>
	<color name="white">FF000000</color>
	<color name="white2">FF444444</color>
	<color name="grey">AA000000</color>
	<color name="grey2">FF606060</color>
	<color name="grey3">AA606060</color>
	<color name="grey4">FF999999</color>
	<color name="black">FFFFFFFF</color>
	<color name="blue">FF29a2a3</color>
	<color name="selected">FF33B5E5</color>
	<color name="invalid">FFFF0000</color>
	<color name="themecolor">FF29a2a3</color>
	<color name="themecolor_transparent">8829a2a3</color>
	<color name="ICS_Blue_Text">FF29a2a3</color>
	<color name="ICS_Blue_Textures">FF999999</color>
	<color name="dialogheader">FF606060</color>
	<color name="labelheader">FF29a2a3</color>
	<color name="shadow">FF999999</color>
</colors>