<?xml version="1.0" encoding="utf-8"?>
<includes>
	<include name="ShiftFixedList">
		<control type="fixedlist" id="57">
			<include condition="Window.IsActive(videos)">Contents57VideoList</include>
			<include condition="!Window.IsActive(videos)">Contents57AlbumList</include>
		</control>
	</include>
	<include name="ShiftWrapList">
		<control type="wraplist" id="57">
			<include condition="Window.IsActive(videos)">Contents57VideoList</include>
			<include condition="!Window.IsActive(videos)">Contents57AlbumList</include>
		</control>
	</include>
	<include name="Contents57VideoList">
		<left>-120</left>
		<top>300</top>
		<width>2740</width>
		<height>750</height>
		<onup>SetProperty(MediaMenu,True,home)</onup>
		<onup>SetFocus(9050)</onup>
		<onleft>57</onleft>
		<onright>57</onright>
		<ondown>61</ondown>
		<orientation>horizontal</orientation>
		<viewtype label="31079">BigWrap</viewtype>
		<pagecontrol>61</pagecontrol>
		<preloaditems>2</preloaditems>
		<scrolltime tween="quadratic">400</scrolltime>
		<focusposition>1</focusposition>
		<visible>Container.Content(movies) | Container.Content(tvshows) | Container.Content(musicvideos) | Container.Content(seasons) | Container.Content(genres) | Container.Content(sets) | Container.Content(addons)</visible>
		<itemlayout width="315" height="750" condition="!Container.Content(addons)">
			<include>ShiftPosterThumbs</include>
		</itemlayout>
		<focusedlayout width="315" height="750" condition="!Container.Content(addons)">
			<control type="group">
				<animation effect="zoom" center="auto" start="100" end="130" time="400" tween="quadratic" reversible="false">Focus</animation>
				<animation effect="zoom" center="auto" start="130" end="100" time="400" tween="quadratic" reversible="false">Unfocus</animation>
				<include>ShiftPosterThumbs</include>
			</control>
		</focusedlayout>
		<itemlayout width="315" height="750" condition="Container.Content(addons)">
			<include>ShiftSquareThumbs</include>
		</itemlayout>
		<focusedlayout width="315" height="750" condition="Container.Content(addons)">
			<control type="group">
				<animation effect="zoom" center="150,450" start="100" end="130" time="400" tween="quadratic" reversible="false">Focus</animation>
				<animation effect="zoom" center="150,450" start="130" end="100" time="400" tween="quadratic" reversible="false">Unfocus</animation>
				<include>ShiftSquareThumbs</include>
			</control>
		</focusedlayout>
	</include>
	<include name="Contents57AlbumList">
		<left>-120</left>
		<top>300</top>
		<width>2740</width>
		<height>750</height>
		<onup>SetProperty(MediaMenu,True,home)</onup>
		<onup>SetFocus(9050)</onup>
		<onleft>57</onleft>
		<onright>57</onright>
		<ondown>61</ondown>
		<orientation>horizontal</orientation>
		<viewtype label="31079">BigWrap</viewtype>
		<pagecontrol>61</pagecontrol>
		<scrolltime tween="quadratic">400</scrolltime>
		<focusposition>1</focusposition>
		<visible>Container.Content(addons) | Container.Content(songs) | Container.Content(artists) | Container.Content(albums) | Container.Content(genres)</visible>
		<itemlayout width="315" height="750">
			<include>ShiftSquareThumbs</include>
		</itemlayout>
		<focusedlayout width="315" height="750">
			<control type="group">
				<animation effect="zoom" center="150,450" start="100" end="130" time="400" tween="quadratic" reversible="false">Focus</animation>
				<animation effect="zoom" center="150,450" start="130" end="100" time="400" tween="quadratic" reversible="false">Unfocus</animation>
				<include>ShiftSquareThumbs</include>
			</control>
		</focusedlayout>
	</include>

	<include name="ShiftPosterThumbs">
		<control type="image">
			<left>-12</left>
			<top>130</top>
			<width>340</width>
			<height>490</height>
			<aspectratio scalediffuse="false">scale</aspectratio>
			<texture background="true">$VAR[PosterThumbVar]</texture>
			<bordertexture border="20">thumbs/thumb_shadow.png</bordertexture>
			<bordersize>20</bordersize>
		</control>
		<control type="image">
			<left>8</left>
			<top>601</top>
			<width>300</width>
			<height>450</height>
			<aspectratio aligny="top" scalediffuse="false">scale</aspectratio>
			<texture background="true" flipy="true" diffuse="thumbs/thumb_diffuse.png">$VAR[PosterThumbVar]</texture>
			<animation effect="fade" start="100" end="30" time="400">Focus</animation>
			<animation effect="fade" start="30" end="100" time="400">UnFocus</animation>
		</control>
		<control type="image">
			<left>200</left>
			<top>149</top>
			<width>100</width>
			<height>100</height>
			<texture>$VAR[OverlayVar]</texture>
			<aspectratio align="center" aligny="top">keep</aspectratio>
			<bordersize>1</bordersize>
		</control>
		<control type="group">
			<left>30</left>
			<top>170</top>
			<include condition="Skin.HasSetting(Disable.UnwatchedIcon)">UnwatchedIcon</include>
		</control>
	</include>
	<include name="ShiftSquareThumbs">
		<control type="image">
			<left>-12</left>
			<top>280</top>
			<width>340</width>
			<height>340</height>
			<aspectratio scalediffuse="false">scale</aspectratio>
			<texture background="true">$INFO[ListItem.Icon]</texture>
			<bordertexture border="20">thumbs/thumb_shadow.png</bordertexture>
			<bordersize>20</bordersize>
		</control>
		<control type="image">
			<left>8</left>
			<top>600</top>
			<width>300</width>
			<height>300</height>
			<aspectratio aligny="top" scalediffuse="false">scale</aspectratio>
			<texture background="true" flipy="true" diffuse="thumbs/thumb_diffuse.png">$INFO[ListItem.Icon]</texture>
			<animation effect="fade" start="100" end="30" time="400">Focus</animation>
			<animation effect="fade" start="30" end="100" time="400">UnFocus</animation>
		</control>
		<control type="image">
			<left>200</left>
			<top>149</top>
			<width>100</width>
			<height>100</height>
			<texture>$VAR[OverlayVar]</texture>
			<aspectratio align="center" aligny="top">keep</aspectratio>
			<bordersize>1</bordersize>
		</control>
	</include>
	<include name="PosterShift">
		<control type="group">
			<include>ViewAnimation</include>
			<visible>Control.IsVisible(57) + !Window.IsActive(addoninformation)</visible>
			<include condition="Skin.HasSetting(HorizontalListNav)">ShiftFixedList</include>
			<include condition="!Skin.HasSetting(HorizontalListNav)">ShiftWrapList</include>
			<control type="scrollbar" id="61">
				<left>0</left>
				<top>970</top>
				<width>FullScreenWidth</width>
				<height>12</height>
				<onup>57</onup>
				<ondown>noop</ondown>
				<texturesliderbackground border="1">-</texturesliderbackground>
				<texturesliderbar border="6,0,6,0">scrollbar/texturesliderbar_hor.png</texturesliderbar>
				<texturesliderbarfocus border="6,0,6,0">scrollbar/texturesliderbarfocus_hor.png</texturesliderbarfocus>
				<textureslidernib>-</textureslidernib>
				<textureslidernibfocus>-</textureslidernibfocus>
				<showonepage>false</showonepage>
				<orientation>horizontal</orientation>
				<animation effect="fade" start="100" end="0" time="500" delay="500" condition="!Control.HasFocus(61) + !Container.Scrolling">Conditional</animation>
			</control>
		</control>
	</include>
	<include name="AlbumShift">
		<control type="group">
			<include>ViewAnimation</include>
			<visible>Control.IsVisible(57) + !Window.IsActive(addoninformation)</visible>
			<include condition="Skin.HasSetting(HorizontalListNav)">ShiftFixedList</include>
			<include condition="!Skin.HasSetting(HorizontalListNav)">ShiftWrapList</include>
			<control type="scrollbar" id="61">
				<left>0</left>
				<top>970</top>
				<width>FullScreenWidth</width>
				<height>12</height>
				<onup>57</onup>
				<ondown>noop</ondown>
				<texturesliderbackground border="1">-</texturesliderbackground>
				<texturesliderbar border="6,0,6,0">scrollbar/texturesliderbar_hor.png</texturesliderbar>
				<texturesliderbarfocus border="6,0,6,0">scrollbar/texturesliderbarfocus_hor.png</texturesliderbarfocus>
				<textureslidernib>-</textureslidernib>
				<textureslidernibfocus>-</textureslidernibfocus>
				<showonepage>false</showonepage>
				<orientation>horizontal</orientation>
				<animation effect="fade" start="100" end="0" time="500" delay="500" condition="!Control.HasFocus(61) + !Container.Scrolling">Conditional</animation>
			</control>
		</control>
	</include>
</includes>