<?xml version="1.0" encoding="UTF-8"?>
<window id="1119" type="dialog">
	<defaultcontrol always="true">90200</defaultcontrol>
	<coordinates>
		<system>1</system>
		<left>0</left>
		<top>0</top>
	</coordinates>
	<include>dialogeffect</include>
	<controls>
		<control type="grouplist" id="90200">
			<left>705</left>
			<top>0</top>
			<width>510</width>
			<height>1080</height>
			<onleft>90200</onleft>
			<onright>90200</onright>
			<onup>90200</onup>
			<ondown>90200</ondown>
			<itemgap>0</itemgap>
			<align>center</align>
			<control type="image" id="90201">
				<description>background image</description>
				<width>510</width>
				<height>34</height>
				<texture border="30,20,30,2">dialog_top2.png</texture>
			</control>
			<control type="button" id="90202">
				<description>Cinema Experience button</description>
				<width>510</width>
				<textwidth>435</textwidth>
				<textoffsetx>45</textoffsetx>
				<texturefocus border="35,2,35,2">button_shutdown_focus.png</texturefocus>
				<texturenofocus border="35,2,35,2">button_shutdown_nofocus.png</texturenofocus>
				<onclick>Dialog.Close(1119)</onclick>
				<onclick>Dialog.Close(MovieInformation)</onclick>
				<onclick>RunScript(script.cinema.experience,movieid=$INFO[ListItem.DBID])</onclick>
				<label>$INFO[System.AddonTitle(script.cinema.experience)]</label>
				<visible>System.HasAddon(script.cinema.experience)</visible>
				<visible>Container.Content(movies) + !SubString(Window(10025).Property(CinemaExperienceRunning),True)</visible>
			</control>
			<control type="button" id="90203">
				<description>Artwork downloader button</description>
				<width>510</width>
				<textwidth>435</textwidth>
				<textoffsetx>45</textoffsetx>
				<texturefocus border="35,2,35,2">button_shutdown_focus.png</texturefocus>
				<texturenofocus border="35,2,35,2">button_shutdown_nofocus.png</texturenofocus>
				<onclick>Dialog.Close(1119)</onclick>
				<onclick condition="Container.Content(movies)">RunScript(script.artwork.downloader, mediatype=movie, dbid=$INFO[ListItem.DBID])</onclick>
				<onclick condition="Container.Content(tvshows)">RunScript(script.artwork.downloader, mediatype=tvshow, dbid=$INFO[ListItem.DBID])</onclick>
				<label>$INFO[System.AddonTitle(script.artwork.downloader)]</label>
				<visible>System.HasAddon(script.artwork.downloader) + [Container.Content(movies) | Container.Content(tvshows)]</visible>
			</control>
			<control type="button" id="90204">
				<description>Artwork downloader button</description>
				<width>510</width>
				<textwidth>435</textwidth>
				<textoffsetx>45</textoffsetx>
				<texturefocus border="35,2,35,2">button_shutdown_focus.png</texturefocus>
				<texturenofocus border="35,2,35,2">button_shutdown_nofocus.png</texturenofocus>
				<onclick>Dialog.Close(1119)</onclick>
				<onclick condition="Container.Content(movies)">RunScript(script.artwork.downloader, mode=gui, mediatype=movie, dbid=$INFO[ListItem.DBID])</onclick>
				<onclick condition="Container.Content(tvshows)">RunScript(script.artwork.downloader,mode=gui, mediatype=tvshow, dbid=$INFO[ListItem.DBID])</onclick>
				<label>$INFO[System.AddonTitle(script.artwork.downloader),,: $LOCALIZE[413]]</label>
				<visible>System.HasAddon(script.artwork.downloader) + [Container.Content(movies) | Container.Content(tvshows)]</visible>
			</control>
			<control type="button" id="90205">
				<description>Edit button</description>
				<width>510</width>
				<textwidth>435</textwidth>
				<textoffsetx>45</textoffsetx>
				<texturefocus border="35,2,35,2">button_shutdown_focus.png</texturefocus>
				<texturenofocus border="35,2,35,2">button_shutdown_nofocus.png</texturenofocus>
				<onclick>Dialog.Close(1119)</onclick>
				<onclick>RunScript(script.libraryeditor,DBID=$INFO[ListItem.DBID])</onclick>
				<label>21435</label>
				<visible>System.HasAddon(script.libraryeditor)</visible>
			</control>
			<control type="button" id="90206">
				<description>Rating Update button</description>
				<width>510</width>
				<textwidth>435</textwidth>
				<textoffsetx>45</textoffsetx>
				<texturefocus border="35,2,35,2">button_shutdown_focus.png</texturefocus>
				<texturenofocus border="35,2,35,2">button_shutdown_nofocus.png</texturenofocus>
				<onclick>Dialog.Close(1119)</onclick>
				<onclick>RunScript(script.ratingupdate,Single=Movie)</onclick>
				<label>31067</label>
				<visible>System.HasAddon(script.ratingupdate)</visible>
				<visible>Container.Content(movies) | Container.Content(tvshows)</visible>
			</control>
			<control type="button" id="90207">
				<description>TvTunes button</description>
				<width>510</width>
				<textwidth>435</textwidth>
				<textoffsetx>45</textoffsetx>
				<texturefocus border="35,2,35,2">button_shutdown_focus.png</texturefocus>
				<texturenofocus border="35,2,35,2">button_shutdown_nofocus.png</texturenofocus>
				<onclick>Dialog.Close(1119)</onclick>
				<onclick>RunScript(script.tvtunes,mode=solo)</onclick>
				<label>$INFO[System.AddonTitle(script.tvtunes)]</label>
				<visible>System.HasAddon(script.tvtunes)</visible>
				<visible>[Container.Content(movies) | Container.Content(tvshows) | Container.Content(musicvideos)] + IsEmpty(Window(movieinformation).Property("TvTunes_HideVideoInfoButton"))</visible>
			</control>
			<control type="button" id="90208">
				<description>VideoExtras button</description>
				<width>510</width>
				<textwidth>435</textwidth>
				<textoffsetx>45</textoffsetx>
				<texturefocus border="35,2,35,2">button_shutdown_focus.png</texturefocus>
				<texturenofocus border="35,2,35,2">button_shutdown_nofocus.png</texturenofocus>
				<onclick>Dialog.Close(1119)</onclick>
				<onclick condition="!Container.Content(tvshows)">RunScript(script.videoextras,display,"$INFO[ListItem.FilenameAndPath]")</onclick>
				<onclick condition="Container.Content(tvshows)">RunScript(script.videoextras,display,"$INFO[ListItem.Path]")</onclick>
				<label>$INFO[System.AddonTitle(script.videoextras)]</label>
				<visible>System.HasAddon(script.videoextras)</visible>
				<visible>[Container.Content(movies) | Container.Content(tvshows) | Container.Content(episodes) | Container.Content(musicvideos)]</visible>
			</control>
			<control type="button" id="90209">
				<description>Search YouTube button</description>
				<width>510</width>
				<textwidth>435</textwidth>
				<textoffsetx>45</textoffsetx>
				<texturefocus border="35,2,35,2">button_shutdown_focus.png</texturefocus>
				<texturenofocus border="35,2,35,2">button_shutdown_nofocus.png</texturenofocus>
				<onclick>Dialog.Close(all,true)</onclick>
				<onclick>ActivateWindow(videos,$ESCINFO[ListItem.Label,plugin://plugin.video.youtube/?path=/root/search&amp;feed=search&amp;search=],return)</onclick>
				<label>$INFO[System.AddonTitle(plugin.video.youtube)]</label>
				<visible>System.HasAddon(plugin.video.youtube) + [Container.Content(albums) | Container.Content(songs)]</visible>
			</control>
			<control type="button" id="90210">
				<description>Add album as startup playlist button</description>
				<width>510</width>
				<textwidth>435</textwidth>
				<textoffsetx>45</textoffsetx>
				<texturefocus border="35,2,35,2">button_shutdown_focus.png</texturefocus>
				<texturenofocus border="35,2,35,2">button_shutdown_nofocus.png</texturenofocus>
				<onclick>Dialog.Close(1119)</onclick>
				<onclick>Skin.SetString(Startup_Playlist_Path,RunScript(script.playalbum,albumid=$INFO[ListItem.DBID]))</onclick>
				<label>31089</label>
				<visible>System.HasAddon(script.playalbum) + Container.Content(albums)</visible>
			</control>
			<control type="button" id="90211">
				<description>FS Fanart button</description>
				<width>510</width>
				<textwidth>435</textwidth>
				<textoffsetx>45</textoffsetx>
				<texturefocus border="35,2,35,2">button_shutdown_focus.png</texturefocus>
				<texturenofocus border="35,2,35,2">button_shutdown_nofocus.png</texturenofocus>
				<onclick>SetFocus(90300)</onclick>
				<label>$LOCALIZE[31092]</label>
			</control>
			<control type="button" id="90212">
				<description>Concerts in google maps addon</description>
				<width>510</width>
				<textwidth>435</textwidth>
				<textoffsetx>45</textoffsetx>
				<texturefocus border="35,2,35,2">button_shutdown_focus.png</texturefocus>
				<texturenofocus border="35,2,35,2">button_shutdown_nofocus.png</texturenofocus>
				<onclick>RunScript(script.maps.browser,artist=$INFO[ListItem.Artist])</onclick>
				<onclick>Dialog.Close(1119)</onclick>
				<label>$LOCALIZE[31096]</label>
				<visible>Container.Content(artists) + System.HasAddon(script.maps.browser)</visible>
			</control>
			<control type="button" id="90213">
				<description>Extended Info</description>
				<width>510</width>
				<textwidth>435</textwidth>
				<textoffsetx>45</textoffsetx>
				<texturefocus border="35,2,35,2">button_shutdown_focus.png</texturefocus>
				<texturenofocus border="35,2,35,2">button_shutdown_nofocus.png</texturenofocus>
				<onclick condition="Container.Content(movies)">RunScript(script.extendedinfo,info=extendedinfo,dbid=$INFO[ListItem.DBID])</onclick>
				<onclick condition="Container.Content(tvshows)">RunScript(script.extendedinfo,info=extendedtvinfo,dbid=$INFO[ListItem.DBID])</onclick>
				<onclick>Dialog.Close(1119)</onclick>
				<label>$INFO[System.AddonTitle(script.extendedinfo)]</label>
				<visible>[Container.Content(movies) | Container.Content(tvshows)] + System.HasAddon(script.extendedinfo)</visible>
			</control>
			<control type="button" id="90214">
				<description>No extra feautures button</description>
				<width>510</width>
				<textwidth>435</textwidth>
				<textoffsetx>45</textoffsetx>
				<texturefocus border="35,2,35,2">button_shutdown_focus.png</texturefocus>
				<texturenofocus border="35,2,35,2">button_shutdown_nofocus.png</texturenofocus>
				<onclick>Dialog.Close(1119)</onclick>
				<label>$LOCALIZE[31075]</label>
				<visible>![Control.IsVisible(90202) | Control.IsVisible(90203) | Control.IsVisible(90204) | Control.IsVisible(90205) | Control.IsVisible(90206) | Control.IsVisible(90207) | Control.IsVisible(90208) | Control.IsVisible(90209) | Control.IsVisible(90210) | Control.IsVisible(90211) | Control.IsVisible(90212) | Control.IsVisible(90213)]</visible>
			</control>
			<control type="image" id="90215">
				<description>background image</description>
				<left>0</left>
				<top>0</top>
				<width>510</width>
				<height>34</height>
				<texture border="30,2,30,20">dialog_bottom2.png</texture>
			</control>
		</control>
		<control type="group">
			<visible allowhiddenfocus="true">Control.HasFocus(90300)</visible>

			<include>VisibleFadeEffect</include>
			<control type="button" id="90300">
				<description>FS Fanart button</description>
				<width>FullScreenWidth</width>
				<height>1080</height>
				<texturefocus border="35,2,35,2">-</texturefocus>
				<texturenofocus border="35,2,35,2">-</texturenofocus>
				<onclick>SetFocus(90200)</onclick>
				<label>-</label>
				<hitrect x="0" y="0" w="0" h="0"/>
			</control>
			<control type="image">
				<include>FullscreenDimensions</include>
				<texture>$INFO[ListItem.Art(fanart)]</texture>
			</control>
		</control>
	</controls>
</window>