<?xml version="1.0" encoding="UTF-8"?>
<window>
	<defaultcontrol always="true">10</defaultcontrol>
	<include>dialogeffect</include>
	<controls>
		<control type="group">
			<left>502</left>
			<top>293</top>
			<control type="label" id="1">
				<description>fake heading label</description>
				<left>0</left>
				<top>0</top>
				<width>0</width>
				<height>0</height>
				<font>-</font>
				<visible>false</visible>
			</control>
			<control type="image">
				<left>0</left>
				<top>0</top>
				<width>916</width>
				<height>494</height>
				<texture border="40">dialogs/default/bg.png</texture>
			</control>
			<control type="image">
				<left>30</left>
				<top>86</top>
				<width>856</width>
				<height>302</height>
				<texture border="5">dialogs/default/inner.png</texture>
			</control>
			<control type="image">
				<left>30</left>
				<top>32</top>
				<width>856</width>
				<height>40</height>
				<texture border="5">dialogs/default/inner.png</texture>
			</control>
			<control type="progress">
				<description>Progressbar</description>
				<left>30</left>
				<top>33</top>
				<width>856</width>
				<height>38</height>
				<info>System.Progressbar</info>
				<colordiffuse>44FFFFFF</colordiffuse>
			</control>
			<control type="label">
				<description>header label</description>
				<left>30</left>
				<top>32</top>
				<width>856</width>
				<height>40</height>
				<textoffsetx>15</textoffsetx>
				<font>font15_title</font>
				<label>$INFO[Control.GetLabel(1)] $INFO[System.Progressbar,- ,%]</label>
				<align>center</align>
				<aligny>center</aligny>
				<textcolor>dialogheader</textcolor>
			</control>
			<control type="textbox" id="9">
				<description>dialog line 1/2/3</description>
				<left>45</left>
				<top>98</top>
				<width>825</width>
				<height>282</height>
				<font>font15_textbox</font>
				<align>left</align>
				<label>-</label>
				<textcolor>grey2</textcolor>
				<autoscroll time="3000" delay="4000" repeat="5000">true</autoscroll>
			</control>
			<control type="button" id="10">
				<description>Cancel button</description>
				<left>30</left>
				<top>402</top>
				<width>856</width>
				<height>60</height>
				<label>222</label>
				<font>font15_title</font>
				<textcolor>grey2</textcolor>
				<focusedcolor>white</focusedcolor>
				<align>center</align>
				<onleft>11</onleft>
				<onright>11</onright>
				<onup>10</onup>
				<ondown>10</ondown>
				<texturefocus border="5">button_fo.png</texturefocus>
				<texturenofocus border="5">dialogs/default/inner.png</texturenofocus>
			</control>
		</control>
	</controls>
</window>