<?xml version="1.0" encoding="UTF-8"?>
<window>
	<defaultcontrol always="true">10</defaultcontrol>
	<onload>SetProperty(Window.HasSettings,True,home)</onload>
	<onload>ClearProperty(MediaMenu,Home)</onload>
	<onunload>ClearProperty(Window.HasSettings,Home)</onunload>
	<allowoverlay>no</allowoverlay>
	<views>10,11,12,13</views>
	<controls>
        <include>CommonBackground</include>
		
		<include condition="IsEmpty(Skin.String(LiveTV.EpgViewType)) | StringCompare(Skin.String(LiveTV.EpgViewType),2)">EpgTimelineStandard</include>
		<include condition="StringCompare(Skin.String(LiveTV.EpgViewType),1)">EpgTimelineMinified</include>
		
		<control type="group">
			<description>TV Guide Now</description>
			<visible>Control.IsVisible(11)</visible>
			<include>Window_OpenClose_Animation</include>
			<include>VisibleFadeEffect</include>
			<control type="group">
				<left>0</left>
				<top>128</top>
				<include>SystemCenterPanel</include>
				<control type="list" id="11">
					<left>82</left>
					<top>32</top>
					<width>1756</width>
					<height>540</height>
					<onup>11</onup>
					<ondown>11</ondown>
					<onleft>SetProperty(MediaMenu,True,home)</onleft>
					<onleft>SetFocus(9050)</onleft>
					<onright>76</onright>
					<pagecontrol>76</pagecontrol>
					<scrolltime tween="quadratic">200</scrolltime>
					<viewtype label="19030">list</viewtype>
					<itemlayout height="90">
						<control type="image">
							<top>30</top>
							<width>356</width>
							<height>60</height>
							<texture border="1">separator2.png</texture>
						</control>
						<control type="image">
							<left>440</left>
							<top>30</top>
							<width>1316</width>
							<height>60</height>
							<texture border="1">separator2.png</texture>
						</control>
						<control type="label">
							<width>356</width>
							<height>90</height>
							<font>font15</font>
							<textoffsetx>15</textoffsetx>
							<textcolor>grey2</textcolor>
							<selectedcolor>selected</selectedcolor>
							<label>$INFO[ListItem.ChannelName]</label>
						</control>
						<control type="label">
							<left>440</left>
							<width>1000</width>
							<height>90</height>
							<font>font15</font>
							<textoffsetx>15</textoffsetx>
							<textcolor>grey2</textcolor>
							<selectedcolor>selected</selectedcolor>
							<label>$INFO[ListItem.Label]</label>
						</control>
						<control type="label">
							<left>1356</left>
							<width>400</width>
							<height>90</height>
							<align>right</align>
							<font>font15</font>
							<textoffsetx>15</textoffsetx>
							<textcolor>grey2</textcolor>
							<selectedcolor>selected</selectedcolor>
							<label>$INFO[ListItem.Date]</label>
							<animation effect="slide" start="0" end="-60" time="100" tween="sine" easing="in" condition="[ListItem.HasTimer | ListItem.IsRecording]">Conditional</animation>
						</control>
						<control type="group">
							<visible>[ListItem.HasTimer | ListItem.IsRecording]</visible>
							<left>1756</left>
							<control type="label">
								<top>30</top>
								<width>120</width>
								<height>30</height>
								<font>IconSmall</font>
								<textoffsetx>15</textoffsetx>
								<textcolor>grey2</textcolor>
								<align>right</align>
								<selectedcolor>selected</selectedcolor>
								<label></label>
								<visible>ListItem.HasTimer</visible>
							</control>
							<control type="label">
								<top>30</top>
								<width>120</width>
								<height>30</height>
								<font>IconSmall</font>
								<textoffsetx>15</textoffsetx>
								<textcolor>grey2</textcolor>
								<align>right</align>
								<selectedcolor>selected</selectedcolor>
								<label></label>
								<visible>ListItem.IsRecording</visible>
							</control>
						</control>
					</itemlayout>
					<focusedlayout height="90">
						<control type="image">
							<top>30</top>
							<width>356</width>
							<height>60</height>
							<texture border="1">separator2.png</texture>
						</control>
						<control type="image">
							<left>440</left>
							<top>30</top>
							<width>1316</width>
							<height>60</height>
							<texture border="1">separator2.png</texture>
						</control>
						<control type="image">
							<width>356</width>
							<height>90</height>
							<texture border="4">listselect_fo.png</texture>
							<visible>Control.HasFocus(11)</visible>
							<include>VisibleFadeEffect</include>
						</control>
						<control type="image">
							<left>440</left>
							<width>1316</width>
							<height>90</height>
							<texture border="4">listselect_fo.png</texture>
							<visible>Control.HasFocus(11)</visible>
							<include>VisibleFadeEffect</include>
						</control>
						<control type="label">
							<width>356</width>
							<height>90</height>
							<font>font15</font>
							<textoffsetx>15</textoffsetx>
							<selectedcolor>selected</selectedcolor>
							<label>$INFO[ListItem.ChannelName]</label>
						</control>
						<control type="label">
							<left>440</left>
							<width>1000</width>
							<height>90</height>
							<font>font15</font>
							<textoffsetx>15</textoffsetx>
							<selectedcolor>selected</selectedcolor>
							<label>$INFO[ListItem.Label]</label>
						</control>
						<control type="label">
							<left>1356</left>
							<width>400</width>
							<height>90</height>
							<align>right</align>
							<font>font15</font>
							<textoffsetx>15</textoffsetx>
							<textcolor>grey2</textcolor>
							<selectedcolor>selected</selectedcolor>
							<label>$INFO[ListItem.Date]</label>
							<animation effect="slide" start="0" end="-60" time="100" tween="sine" easing="in" condition="[ListItem.HasTimer | ListItem.IsRecording]">Conditional</animation>
						</control>
						<control type="group">
							<visible>[ListItem.HasTimer | ListItem.IsRecording]</visible>
							<left>1756</left>
							<control type="label">
								<top>30</top>
								<width>120</width>
								<height>30</height>
								<font>IconSmall</font>
								<textoffsetx>15</textoffsetx>
								<textcolor>grey2</textcolor>
								<align>right</align>
								<selectedcolor>selected</selectedcolor>
								<label></label>
								<visible>ListItem.HasTimer</visible>
							</control>
							<control type="label">
								<top>30</top>
								<width>120</width>
								<height>30</height>
								<font>IconSmall</font>
								<textoffsetx>15</textoffsetx>
								<textcolor>grey2</textcolor>
								<align>right</align>
								<selectedcolor>selected</selectedcolor>
								<label></label>
								<visible>ListItem.IsRecording</visible>
							</control>
						</control>
					</focusedlayout>
				</control>
				<control type="scrollbar" id="76">
					<left>1838</left>
					<top>32</top>
					<width>14</width>
					<height>540</height>
					<texturesliderbackground>-</texturesliderbackground>
					<texturesliderbar colordiffuse="55ffffff" border="1">scrollbar/texturesliderbar2.png</texturesliderbar>
					<texturesliderbarfocus border="1">scrollbar/texturesliderbar2.png</texturesliderbarfocus>
					<showonepage>false</showonepage>
					<orientation>vertical</orientation>
					<onleft>11</onleft>
					<onright condition="!Control.IsVisible(64)">SetProperty(MediaMenu,True,home)</onright>
					<onright condition="!Control.IsVisible(64)">SetFocus(9050)</onright>
					<onright condition="Control.IsVisible(64)">64</onright>
				</control>
				<control type="image">
					<left>82</left>
					<top>632</top>
					<width>356</width>
					<height>240</height>
					<aspectratio>keep</aspectratio>
					<texture>$INFO[ListItem.Icon]</texture>
					<bordersize>40</bordersize>
				</control>
				<control type="group">
					<left>522</left>
					<top>572</top>
					<control type="label">
						<left>0</left>
						<top>15</top>
						<width>1316</width>
						<height>30</height>
						<align>left</align>
						<font>font15</font>
						<textcolor>grey2</textcolor>
						<textoffsetx>15</textoffsetx>
						<label>[COLOR labelheader]$INFO[Container(11).ListItem.StartTime]$INFO[Container(11).ListItem.EndTime, - ,: ][/COLOR]$INFO[Container(11).ListItem.Title]</label>
					</control>
					<control type="label">
						<left>0</left>
						<top>58</top>
						<width>1316</width>
						<height>30</height>
						<font>font15</font>
						<textcolor>grey2</textcolor>
						<textoffsetx>15</textoffsetx>
						<label>$INFO[Container(11).ListItem.Genre,[COLOR labelheader]$LOCALIZE[515]:[/COLOR] ,]</label>
					</control>
					<control type="image">
						<description>separator image</description>
						<left>0</left>
						<top>45</top>
						<width>1316</width>
						<height>60</height>
						<texture border="1">separator2.png</texture>
					</control>
					<control type="textbox" id="83">
						<label>$INFO[Container(11).ListItem.Plot]</label>
						<left>15</left>
						<top>120</top>
						<width>1286</width>
						<height>180</height>
						<font>font15_textbox</font>
						<pagecontrol>64</pagecontrol>
						<include>ShowCaseInfoPanelButtonsValues</include>
						<autoscroll time="3000" delay="4000" repeat="5000">Skin.HasSetting(Enable.AutoScroll) + !Control.HasFocus(64)</autoscroll>
					</control>
					<control type="scrollbar" id="64">
						<left>1315</left>
						<top>120</top>
						<width>14</width>
						<height>180</height>
						<onup>PageUp(83)</onup>
						<ondown>PageUp(83)</ondown>
						<onleft>11</onleft>
						<onright>SetProperty(MediaMenu,True,home)</onright>
						<onright>SetFocus(9050)</onright>
						<texturesliderbackground>-</texturesliderbackground>
						<texturesliderbar colordiffuse="55ffffff" border="1">scrollbar/texturesliderbar2.png</texturesliderbar>
						<texturesliderbarfocus border="1">scrollbar/texturesliderbar2.png</texturesliderbarfocus>
						<showonepage>false</showonepage>
						<orientation>vertical</orientation>
					</control>
				</control>
			</control>
		</control>
		<control type="group">
			<description>TV Guide Next</description>
			<visible>Control.IsVisible(12)</visible>
			<include>Window_OpenClose_Animation</include>
			<include>VisibleFadeEffect</include>
			<control type="group">
				<left>0</left>
				<top>128</top>
				<include>SystemCenterPanel</include>
				<control type="list" id="12">
					<left>82</left>
					<top>32</top>
					<width>1756</width>
					<height>540</height>
					<onup>12</onup>
					<ondown>12</ondown>
					<onleft>SetProperty(MediaMenu,True,home)</onleft>
					<onleft>SetFocus(9050)</onleft>
					<onright>76</onright>
					<pagecontrol>76</pagecontrol>
					<scrolltime tween="quadratic">200</scrolltime>
					<viewtype label="19031">list</viewtype>
					<itemlayout height="90">
						<control type="image">
							<top>30</top>
							<width>356</width>
							<height>60</height>
							<texture border="1">separator2.png</texture>
						</control>
						<control type="image">
							<left>440</left>
							<top>30</top>
							<width>1316</width>
							<height>60</height>
							<texture border="1">separator2.png</texture>
						</control>
						<control type="label">
							<width>356</width>
							<height>90</height>
							<font>font15</font>
							<textoffsetx>15</textoffsetx>
							<textcolor>grey2</textcolor>
							<selectedcolor>selected</selectedcolor>
							<label>$INFO[ListItem.ChannelName]</label>
						</control>
						<control type="label">
							<left>440</left>
							<width>1000</width>
							<height>90</height>
							<font>font15</font>
							<textoffsetx>15</textoffsetx>
							<textcolor>grey2</textcolor>
							<selectedcolor>selected</selectedcolor>
							<label>$INFO[ListItem.Label]</label>
						</control>
						<control type="label">
							<left>1356</left>
							<width>400</width>
							<height>90</height>
							<align>right</align>
							<font>font15</font>
							<textoffsetx>15</textoffsetx>
							<textcolor>grey2</textcolor>
							<selectedcolor>selected</selectedcolor>
							<label>$INFO[ListItem.Date]</label>
							<animation effect="slide" start="0" end="-60" time="100" tween="sine" easing="in" condition="[ListItem.HasTimer | ListItem.IsRecording]">Conditional</animation>
						</control>
						<control type="group">
							<visible>[ListItem.HasTimer | ListItem.IsRecording]</visible>
							<left>1756</left>
							<control type="label">
								<top>30</top>
								<width>120</width>
								<height>30</height>
								<font>IconSmall</font>
								<textoffsetx>15</textoffsetx>
								<textcolor>grey2</textcolor>
								<align>right</align>
								<selectedcolor>selected</selectedcolor>
								<label></label>
								<visible>ListItem.HasTimer</visible>
							</control>
							<control type="label">
								<top>30</top>
								<width>120</width>
								<height>30</height>
								<font>IconSmall</font>
								<textoffsetx>15</textoffsetx>
								<textcolor>grey2</textcolor>
								<align>right</align>
								<selectedcolor>selected</selectedcolor>
								<label></label>
								<visible>ListItem.IsRecording</visible>
							</control>
						</control>
					</itemlayout>
					<focusedlayout height="90">
						<control type="image">
							<top>30</top>
							<width>356</width>
							<height>60</height>
							<texture border="1">separator2.png</texture>
						</control>
						<control type="image">
							<left>440</left>
							<top>30</top>
							<width>1316</width>
							<height>60</height>
							<texture border="1">separator2.png</texture>
						</control>
						<control type="image">
							<width>356</width>
							<height>90</height>
							<texture border="4">listselect_fo.png</texture>
							<visible>Control.HasFocus(12)</visible>
							<include>VisibleFadeEffect</include>
						</control>
						<control type="image">
							<left>440</left>
							<width>1316</width>
							<height>90</height>
							<texture border="4">listselect_fo.png</texture>
							<visible>Control.HasFocus(12)</visible>
							<include>VisibleFadeEffect</include>
						</control>
						<control type="label">
							<width>356</width>
							<height>90</height>
							<font>font15</font>
							<textoffsetx>15</textoffsetx>
							<selectedcolor>selected</selectedcolor>
							<label>$INFO[ListItem.ChannelName]</label>
						</control>
						<control type="label">
							<left>440</left>
							<width>1000</width>
							<height>90</height>
							<font>font15</font>
							<textoffsetx>15</textoffsetx>
							<selectedcolor>selected</selectedcolor>
							<label>$INFO[ListItem.Label]</label>
						</control>
						<control type="label">
							<left>1356</left>
							<width>400</width>
							<height>90</height>
							<align>right</align>
							<font>font15</font>
							<textoffsetx>15</textoffsetx>
							<textcolor>grey2</textcolor>
							<selectedcolor>selected</selectedcolor>
							<label>$INFO[ListItem.Date]</label>
							<animation effect="slide" start="0" end="-60" time="100" tween="sine" easing="in" condition="[ListItem.HasTimer | ListItem.IsRecording]">Conditional</animation>
						</control>
						<control type="group">
							<visible>[ListItem.HasTimer | ListItem.IsRecording]</visible>
							<left>1756</left>
							<control type="label">
								<top>30</top>
								<width>120</width>
								<height>30</height>
								<font>IconSmall</font>
								<textoffsetx>15</textoffsetx>
								<textcolor>grey2</textcolor>
								<align>right</align>
								<selectedcolor>selected</selectedcolor>
								<label></label>
								<visible>ListItem.HasTimer</visible>
							</control>
							<control type="label">
								<top>30</top>
								<width>120</width>
								<height>30</height>
								<font>IconSmall</font>
								<textoffsetx>15</textoffsetx>
								<textcolor>grey2</textcolor>
								<align>right</align>
								<selectedcolor>selected</selectedcolor>
								<label></label>
								<visible>ListItem.IsRecording</visible>
							</control>
						</control>
					</focusedlayout>
				</control>
				<control type="scrollbar" id="76">
					<left>1838</left>
					<top>32</top>
					<width>14</width>
					<height>540</height>
					<texturesliderbackground>-</texturesliderbackground>
					<texturesliderbar colordiffuse="55ffffff" border="1">scrollbar/texturesliderbar2.png</texturesliderbar>
					<texturesliderbarfocus border="1">scrollbar/texturesliderbar2.png</texturesliderbarfocus>
					<showonepage>false</showonepage>
					<orientation>vertical</orientation>
					<onleft>12</onleft>
					<onright condition="!Control.IsVisible(64)">SetProperty(MediaMenu,True,home)</onright>
					<onright condition="!Control.IsVisible(64)">SetFocus(9050)</onright>
					<onright condition="Control.IsVisible(64)">64</onright>
				</control>
				<control type="image">
					<left>82</left>
					<top>632</top>
					<width>356</width>
					<height>240</height>
					<aspectratio>keep</aspectratio>
					<texture>$INFO[ListItem.Icon]</texture>
					<bordersize>40</bordersize>
				</control>
				<control type="group">
					<left>522</left>
					<top>572</top>
					<control type="label">
						<left>0</left>
						<top>15</top>
						<width>1316</width>
						<height>30</height>
						<align>left</align>
						<font>font15</font>
						<textcolor>grey2</textcolor>
						<textoffsetx>15</textoffsetx>
						<label>[COLOR labelheader]$INFO[Container(12).ListItem.StartTime]$INFO[Container(12).ListItem.EndTime, - ,: ][/COLOR]$INFO[Container(12).ListItem.Title]</label>
					</control>
					<control type="label">
						<left>0</left>
						<top>58</top>
						<width>1316</width>
						<height>30</height>
						<font>font15</font>
						<textcolor>grey2</textcolor>
						<textoffsetx>15</textoffsetx>
						<label>$INFO[Container(12).ListItem.Genre,[COLOR labelheader]$LOCALIZE[515]:[/COLOR] ,]</label>
					</control>
					<control type="image">
						<description>separator image</description>
						<left>0</left>
						<top>45</top>
						<width>1316</width>
						<height>60</height>
						<texture border="1">separator2.png</texture>
					</control>
					<control type="textbox" id="83">
						<label>$INFO[Container(12).ListItem.Plot]</label>
						<left>15</left>
						<top>120</top>
						<width>1286</width>
						<height>180</height>
						<font>font15_textbox</font>
						<pagecontrol>64</pagecontrol>
						<include>ShowCaseInfoPanelButtonsValues</include>
						<autoscroll time="3000" delay="4000" repeat="5000">Skin.HasSetting(Enable.AutoScroll) + !Control.HasFocus(64)</autoscroll>
					</control>
					<control type="scrollbar" id="64">
						<left>1315</left>
						<top>120</top>
						<width>14</width>
						<height>180</height>
						<onup>PageUp(83)</onup>
						<ondown>PageUp(83)</ondown>
						<onleft>12</onleft>
						<onright>SetProperty(MediaMenu,True,home)</onright>
						<onright>SetFocus(9050)</onright>
						<texturesliderbackground>-</texturesliderbackground>
						<texturesliderbar colordiffuse="55ffffff" border="1">scrollbar/texturesliderbar2.png</texturesliderbar>
						<texturesliderbarfocus border="1">scrollbar/texturesliderbar2.png</texturesliderbarfocus>
						<showonepage>false</showonepage>
						<orientation>vertical</orientation>
					</control>
				</control>
			</control>
		</control>
		<control type="group">
			<description>TV Guide Channel</description>
			<visible>Control.IsVisible(13)</visible>
			<include>Window_OpenClose_Animation</include>
			<include>VisibleFadeEffect</include>
			<left>0</left>
			<top>128</top>
			<include>SystemCenterPanel</include>
			<control type="list" id="13">
				<left>82</left>
				<top>32</top>
				<width>1756</width>
				<height>540</height>
				<onup>13</onup>
				<ondown>13</ondown>
				<onleft>SetProperty(MediaMenu,True,home)</onleft>
				<onleft>SetFocus(9050)</onleft>
				<onright>75</onright>
				<pagecontrol>75</pagecontrol>
				<scrolltime tween="quadratic">200</scrolltime>
				<viewtype label="19029">list</viewtype>
				<itemlayout height="90">
					<control type="image">
						<top>30</top>
						<width>356</width>
						<height>60</height>
						<texture border="1">separator2.png</texture>
					</control>
					<control type="image">
						<left>440</left>
						<top>30</top>
						<width>1316</width>
						<height>60</height>
						<texture border="1">separator2.png</texture>
					</control>
					<control type="label">
						<width>356</width>
						<height>90</height>
						<font>font15</font>
						<textoffsetx>15</textoffsetx>
						<textcolor>grey2</textcolor>
						<selectedcolor>selected</selectedcolor>
						<label>$INFO[ListItem.ChannelName]</label>
					</control>
					<control type="label">
						<left>440</left>
						<width>1000</width>
						<height>90</height>
						<font>font15</font>
						<textoffsetx>15</textoffsetx>
						<textcolor>grey2</textcolor>
						<selectedcolor>selected</selectedcolor>
						<label>$INFO[ListItem.Label]</label>
					</control>
					<control type="label">
						<left>1356</left>
						<width>400</width>
						<height>90</height>
						<align>right</align>
						<font>font15</font>
						<textoffsetx>15</textoffsetx>
						<textcolor>grey2</textcolor>
						<selectedcolor>selected</selectedcolor>
						<label>$INFO[ListItem.Date]</label>
						<animation effect="slide" start="0" end="-60" time="100" tween="sine" easing="in" condition="[ListItem.HasTimer | ListItem.IsRecording]">Conditional</animation>
					</control>
					<control type="group">
						<visible>[ListItem.HasTimer | ListItem.IsRecording]</visible>
						<left>1756</left>
						<control type="label">
							<top>30</top>
							<width>120</width>
							<height>30</height>
							<font>IconSmall</font>
							<textoffsetx>15</textoffsetx>
							<textcolor>grey2</textcolor>
							<align>right</align>
							<selectedcolor>selected</selectedcolor>
							<label></label>
							<visible>ListItem.HasTimer</visible>
						</control>
						<control type="label">
							<top>30</top>
							<width>120</width>
							<height>30</height>
							<font>IconSmall</font>
							<textoffsetx>15</textoffsetx>
							<textcolor>grey2</textcolor>
							<align>right</align>
							<selectedcolor>selected</selectedcolor>
							<label></label>
							<visible>ListItem.IsRecording</visible>
						</control>
					</control>
				</itemlayout>
				<focusedlayout height="90">
					<control type="image">
						<top>30</top>
						<width>356</width>
						<height>60</height>
						<texture border="1">separator2.png</texture>
					</control>
					<control type="image">
						<left>440</left>
						<top>30</top>
						<width>1316</width>
						<height>60</height>
						<texture border="1">separator2.png</texture>
					</control>
					<control type="image">
						<width>356</width>
						<height>90</height>
						<texture border="4">listselect_fo.png</texture>
						<visible>Control.HasFocus(13)</visible>
						<include>VisibleFadeEffect</include>
					</control>
					<control type="image">
						<left>440</left>
						<width>1316</width>
						<height>90</height>
						<texture border="4">listselect_fo.png</texture>
						<visible>Control.HasFocus(13)</visible>
						<include>VisibleFadeEffect</include>
					</control>
					<control type="label">
						<width>356</width>
						<height>90</height>
						<font>font15</font>
						<textoffsetx>15</textoffsetx>
						<selectedcolor>selected</selectedcolor>
						<label>$INFO[ListItem.ChannelName]</label>
					</control>
					<control type="label">
						<left>440</left>
						<width>1000</width>
						<height>90</height>
						<font>font15</font>
						<textoffsetx>15</textoffsetx>
						<selectedcolor>selected</selectedcolor>
						<label>$INFO[ListItem.Label]</label>
					</control>
					<control type="label">
						<left>1356</left>
						<width>400</width>
						<height>90</height>
						<align>right</align>
						<font>font15</font>
						<textoffsetx>15</textoffsetx>
						<textcolor>grey2</textcolor>
						<selectedcolor>selected</selectedcolor>
						<label>$INFO[ListItem.Date]</label>
						<animation effect="slide" start="0" end="-60" time="100" tween="sine" easing="in" condition="[ListItem.HasTimer | ListItem.IsRecording]">Conditional</animation>
					</control>
					<control type="group">
						<visible>[ListItem.HasTimer | ListItem.IsRecording]</visible>
						<left>1756</left>
						<control type="label">
							<top>30</top>
							<width>120</width>
							<height>30</height>
							<font>IconSmall</font>
							<textoffsetx>15</textoffsetx>
							<textcolor>grey2</textcolor>
							<align>right</align>
							<selectedcolor>selected</selectedcolor>
							<label></label>
							<visible>ListItem.HasTimer</visible>
						</control>
						<control type="label">
							<top>30</top>
							<width>120</width>
							<height>30</height>
							<font>IconSmall</font>
							<textoffsetx>15</textoffsetx>
							<textcolor>grey2</textcolor>
							<align>right</align>
							<selectedcolor>selected</selectedcolor>
							<label></label>
							<visible>ListItem.IsRecording</visible>
						</control>
					</control>
				</focusedlayout>
			</control>
			<control type="scrollbar" id="75">
				<left>1838</left>
				<top>32</top>
				<width>14</width>
				<height>540</height>
				<texturesliderbackground>-</texturesliderbackground>
				<texturesliderbar colordiffuse="55ffffff" border="1">scrollbar/texturesliderbar2.png</texturesliderbar>
				<texturesliderbarfocus border="1">scrollbar/texturesliderbar2.png</texturesliderbarfocus>
				<showonepage>false</showonepage>
				<orientation>vertical</orientation>
				<onleft>13</onleft>
				<onright condition="!Control.IsVisible(65)">SetProperty(MediaMenu,True,home)</onright>
				<onright condition="!Control.IsVisible(65)">SetFocus(9050)</onright>
				<onright condition="Control.IsVisible(65)">65</onright>
			</control>
			<control type="image">
				<left>82</left>
				<top>632</top>
				<width>356</width>
				<height>240</height>
				<aspectratio>keep</aspectratio>
				<texture>$INFO[ListItem.Icon]</texture>
				<bordersize>40</bordersize>
			</control>
			<control type="group">
				<left>522</left>
				<top>572</top>
				<control type="label">
					<left>0</left>
					<top>15</top>
					<width>1316</width>
					<height>30</height>
					<align>left</align>
					<font>font15</font>
					<textcolor>grey2</textcolor>
					<textoffsetx>15</textoffsetx>
					<label>[COLOR labelheader]$INFO[Container(15).ListItem.StartTime]$INFO[Container(15).ListItem.EndTime, - ,: ][/COLOR]$INFO[Container(15).ListItem.Title]</label>
				</control>
				<control type="label">
					<left>0</left>
					<top>58</top>
					<width>1316</width>
					<height>30</height>
					<font>font15</font>
					<textcolor>grey2</textcolor>
					<textoffsetx>15</textoffsetx>
					<label>$INFO[Container(15).ListItem.Genre,[COLOR labelheader]$LOCALIZE[515]:[/COLOR] ,]</label>
				</control>
				<control type="image">
					<description>separator image</description>
					<left>0</left>
					<top>45</top>
					<width>1316</width>
					<height>60</height>
					<texture border="1">separator2.png</texture>
				</control>
				<control type="textbox" id="84">
					<label>$INFO[Container(15).ListItem.Plot]</label>
					<left>15</left>
					<top>120</top>
					<width>1286</width>
					<height>180</height>
					<font>font15_textbox</font>
					<pagecontrol>65</pagecontrol>
					<include>ShowCaseInfoPanelButtonsValues</include>
					<autoscroll time="3000" delay="4000" repeat="5000">Skin.HasSetting(Enable.AutoScroll) + !Control.HasFocus(65)</autoscroll>
				</control>
				<control type="scrollbar" id="65">
					<left>1315</left>
					<top>120</top>
					<width>14</width>
					<height>180</height>
					<onup>PageUp(84)</onup>
					<ondown>PageUp(84)</ondown>
					<onleft>13</onleft>
					<onright>SetProperty(MediaMenu,True,home)</onright>
					<onright>SetFocus(9050)</onright>
					<texturesliderbackground>-</texturesliderbackground>
					<texturesliderbar colordiffuse="55ffffff" border="1">scrollbar/texturesliderbar2.png</texturesliderbar>
					<texturesliderbarfocus border="1">scrollbar/texturesliderbar2.png</texturesliderbarfocus>
					<showonepage>false</showonepage>
					<orientation>vertical</orientation>
				</control>
			</control>
		</control>

		<control type="label" id="29">
            <font>-</font>
            <include>HiddenObject</include>
        </control>
        <control type="label" id="30">
            <font>-</font>
            <include>HiddenObject</include>
        </control>
		<include>ScrollOffsetLabel</include>
        <control type="image">
            <left>0</left>
            <top>0</top>
            <width>1920</width>
            <height>1080</height>
            <texture>black-back.png</texture>
            <animation effect="fade" time="400">Visible</animation>
            <animation effect="fade" time="200">Hidden</animation>
            <visible>Window.IsActive(FileBrowser) | Window.IsActive(PVRGuideInfo) | Window.IsActive(PVRRecordingInfo) | Window.IsActive(PVRTimerSetting) | Window.IsActive(PVRGroupManager) | Window.IsActive(PVRGuideSearch)</visible>
        </control>
		<include condition="!StringCompare(Skin.String(LiveTV.EpgViewType),1)">Topbar</include>
		<include>PVRMediaMenu</include>
	</controls>
</window>
