<?xml version="1.0" encoding="UTF-8"?>
<addon
  id="skin.aeon.nox.5.maniac"
  version="5.7.4-2.1"
  name="Aeon Nox 5 - Maniac"
  provider-name="Maniac">
	<requires>
		<import addon="xbmc.gui" version="5.9.0"/>
		<import addon="script.grab.fanart" version="0.12.8"/>
		<import addon="script.skinshortcuts" version="0.4.5"/>
		<import addon="service.library.data.provider" version="0.0.7"/>
	</requires>
	<extension
	  point="xbmc.gui.skin"
	  debugging="false"
	  effectslowdown="0.75">
		<res width="1920" height="1080" aspect="16:9" default="true" folder="1080i" />
		<res width="2560" height="1080" aspect="21:9" default="false" folder="21x9" />
	</extension>
	<extension point="xbmc.addon.metadata">
		<summary lang="de">Aeon Nox 5: Maniac</summary>
		<summary lang="el">Aeon Nox 5: Maniac</summary>
		<summary lang="en">Aeon Nox 5: Maniac</summary>
		<summary lang="en_AU">Aeon Nox 5: Maniac</summary>
		<summary lang="en_NZ">Aeon Nox 5: Maniac</summary>
		<summary lang="en_US">Aeon Nox 5: Maniac</summary>
		<summary lang="es">Aeon Nox 5: Maniac</summary>
		<summary lang="fi">Aeon Nox 5: Maniac</summary>
		<summary lang="fr">Aeon Nox 5: Maniac</summary>
		<summary lang="fr_CA">Aeon Nox 5 : Maniac</summary>
		<summary lang="gl">Aeon Nox 5: Maniac</summary>
		<summary lang="he">Aeon Nox 5: Maniac</summary>
		<summary lang="hu">Aeon Nox 5: Maniac</summary>
		<summary lang="is">Aeon Nox 5: Maniac</summary>
		<summary lang="it">Aeon Nox 5: Maniac</summary>
		<summary lang="ko">Aeon Nox 5: Maniac</summary>
		<summary lang="lt">Aeon Nox 5: Maniac</summary>
		<summary lang="ms">Aeon Nox 5: Maniac</summary>
		<summary lang="nl">Aeon Nox 5: Maniac</summary>
		<summary lang="no">Aeon Nox 5: Maniac</summary>
		<summary lang="pl">Aeon Nox 5: Maniac</summary>
		<summary lang="pt">Aeon Nox 5: Maniac</summary>
		<summary lang="pt_BR">Aeon Nox 5: Maniac</summary>
		<summary lang="ro">Aeon Nox 5: Maniac</summary>
		<summary lang="ru">Aeon Nox 5: Maniac</summary>
		<summary lang="sk">Aeon Nox 5: Maniac</summary>
		<summary lang="sv">Aeon Nox 5: Maniac</summary>
		<summary lang="th">Aeon Nox 5: Maniac</summary>
		<summary lang="vi">Aeon Nox 5: Maniac</summary>
		<summary lang="zh">Aeon Nox 5: Maniac</summary>
		<description>This skin is a fork of BigNoid's Aeon Nox 5: Maniac for Kodi. Skin will be kept up-to-date with BigNoid's changes, with the addition of my LiveTV mod. There is also a White-theme included.</description>
		<platform>all</platform>
	</extension>
</addon>
